epoch,loss,auc,val_loss,val_auc
0,0.6881007477641106,0.4920254818281135,0.6755999892950058,0.5242998229840335
1,0.7867964260280133,0.46276942993715137,0.780256325006485,0.4692975774225774
2,0.7126941330730915,0.4896666012050627,0.6868304222822189,0.5757930665825404
3,0.9324423357844353,0.43783500049733814,0.9113600343465805,0.5254343573093574
4,0.7122577972710132,0.5218886774266521,0.7106099128723145,0.42915355477855466
