epoch,loss,auc,val_loss,val_auc
0,0.7320068471133709,0.4296776636062351,0.7348461925983429,0.352822039072039
1,0.6684506289660931,0.5651162831542579,0.6665887892246246,0.5689081751581753
2,0.6615761950612068,0.4956855155172462,0.658716955780983,0.4931905083220873
3,0.6590280130505561,0.5923454713689089,0.6558657258749008,0.6349358974358975
4,0.7152996599674225,0.5133729359599614,0.717746889591217,0.4630675574425574
